City_ID,City,Cloudiness,Country,Date,Humidity,Lat,Lng,Max Temp,Wind Speed
0,san juan,40,PR,1518199080,65,18.47,-66.12,80.6,17.22
1,nizhniy kuranakh,68,RU,1518200346,30,58.84,125.49,-21.97,4.43
2,podporozhye,92,RU,1518200254,89,60.91,34.16,19.75,4.32
3,yaan,48,NG,1518200347,51,7.38,8.57,90.72,9.06
4,sulangan,20,PH,1518200347,100,11.14,123.72,79.24,7.61
5,yellowknife,90,CA,1518199200,71,62.45,-114.38,8.6,9.17
6,esperance,40,TT,1518199200,55,10.24,-61.45,86.0,13.87
7,arlit,12,NE,1518200348,29,18.74,7.39,75.42,6.67
8,ponta delgada,20,PT,1518199200,68,37.73,-25.67,64.4,6.93
9,muros,40,ES,1518197400,75,42.77,-9.06,44.6,4.7
10,clyde river,20,CA,1518199200,66,70.47,-68.59,-29.21,9.17
11,kosh-agach,20,RU,1518200350,50,49.99,88.66,-14.05,3.09
12,coihaique,75,CL,1518195600,66,-45.58,-72.07,53.6,9.17
13,sitka,8,US,1518200350,53,37.17,-99.65,33.21,17.67
14,albany,90,US,1518198840,57,42.65,-73.75,23.0,10.29
15,ancud,76,CL,1518200351,80,-41.87,-73.83,56.29,7.83
16,ponta do sol,12,BR,1518200351,63,-20.63,-46.0,85.0,9.06
17,puerto madryn,0,AR,1518200351,84,-42.77,-65.04,62.46,20.2
18,havre-saint-pierre,75,CA,1518199680,78,50.23,-63.6,8.6,4.7
19,kabanjahe,20,ID,1518195600,88,3.1,98.49,77.0,4.7
20,champerico,75,MX,1518198360,45,16.38,-93.6,82.4,6.93
21,qaanaaq,56,GL,1518200353,89,77.48,-69.36,-15.67,6.93
22,kemise,0,ET,1518200354,57,10.72,39.87,44.05,2.01
23,cape town,75,ZA,1518199200,68,-33.93,18.42,71.6,24.16
24,barrow,0,AR,1518200354,41,-38.31,-60.23,77.62,16.22
25,hasaki,75,JP,1518197400,86,35.73,140.83,30.2,4.7
26,mahebourg,75,MU,1518199200,94,-20.41,57.7,78.8,2.24
27,busselton,0,AU,1518200355,100,-33.64,115.35,63.67,16.96
28,port alfred,44,ZA,1518200355,90,-33.59,26.89,73.53,10.18
29,marabba,0,SD,1518200356,25,12.35,32.18,77.31,5.66
30,rikitea,20,PF,1518200356,100,-23.12,-134.97,77.58,4.81
31,hilo,1,US,1518195360,77,19.71,-155.08,59.0,8.05
32,jamestown,0,AU,1518200357,77,-33.21,138.6,67.05,2.24
33,puerto baquerizo moreno,20,EC,1518195600,78,-0.9,-89.6,80.6,9.17
34,leningradskiy,88,RU,1518200358,93,69.38,178.42,16.42,15.95
35,marsh harbour,44,BS,1518200358,100,26.54,-77.06,74.43,15.66
36,samarai,92,PG,1518200359,100,-10.62,150.67,76.32,7.05
37,dikson,68,RU,1518200359,95,73.51,80.55,18.54,28.3
38,kalmunai,20,LK,1518200360,97,7.42,81.82,72.9,3.42
39,dawson,1,US,1518198900,56,39.85,-89.46,51.8,11.41
40,chuy,88,UY,1518200153,100,-33.69,-53.46,72.99,8.16
41,jaisalmer,0,IN,1518200360,52,26.91,70.91,55.53,5.44
42,lagoa,40,PT,1518199200,93,37.14,-8.45,51.8,3.36
43,ushuaia,75,AR,1518195600,65,-54.81,-68.31,46.4,25.28
44,bandarbeyla,24,SO,1518200362,100,9.49,50.81,74.25,14.99
45,mataura,92,NZ,1518200362,95,-46.19,168.86,53.59,3.31
46,port keats,8,AU,1518200362,100,-14.25,129.55,76.72,5.26
47,castro,76,CL,1518200363,82,-42.48,-73.76,56.52,8.05
48,hay river,90,CA,1518199200,78,60.82,-115.79,10.4,8.05
49,tobermory,92,CA,1518200075,100,45.25,-81.67,21.37,9.57
50,sao filipe,76,CV,1518200364,95,14.9,-24.5,69.52,22.21
51,eirunepe,80,BR,1518200364,74,-6.66,-69.87,85.32,2.91
52,nikolskoye,75,RU,1518197400,92,59.7,30.79,21.2,2.24
53,puerto carreno,20,CO,1518195600,41,6.19,-67.49,93.2,9.17
54,punta arenas,40,CL,1518195600,40,-53.16,-70.91,51.8,16.11
55,santa isabel do rio negro,68,BR,1518200366,43,-0.41,-65.02,94.32,9.91
56,kruisfontein,76,ZA,1518200366,81,-34.0,24.73,68.4,10.92
57,concepcion,0,CO,1518200367,35,9.56,-73.66,97.83,4.88
58,avarua,20,CK,1518199200,94,-21.21,-159.78,80.6,5.82
59,padang,24,ID,1518200368,100,-0.92,100.36,77.58,4.76
60,atuona,48,PF,1518200368,100,-9.8,-139.03,80.95,18.01
61,bredasdorp,0,ZA,1518199200,69,-34.53,20.04,73.4,8.05
62,qarqin,92,AF,1518200369,91,37.41,66.03,29.2,3.13
63,poya,64,NC,1518200369,100,-21.35,165.16,73.12,13.2
64,korcula,20,HR,1518199200,66,42.96,17.14,48.2,5.82
65,college,1,US,1518199080,74,64.86,-147.8,-20.21,3.09
66,casas grandes,0,MX,1518200370,29,30.15,-110.24,72.54,2.86
67,saint-philippe,90,CA,1518199200,61,45.36,-73.48,23.0,8.05
68,mbeya,92,TZ,1518200371,98,-8.91,33.47,59.22,0.34
69,roebourne,0,AU,1518200371,81,-20.77,117.15,80.5,6.55
70,hobart,20,AU,1518199200,87,-42.88,147.33,60.8,5.82
71,mendeleyevo,0,RU,1518197400,85,56.04,37.23,23.0,11.18
72,severo-kurilsk,20,RU,1518200372,100,50.68,156.12,24.12,12.64
73,balsas,92,BR,1518200372,97,-7.53,-46.04,76.86,4.59
74,amapa,40,HN,1518199200,79,15.09,-87.97,84.2,4.7
75,vaini,80,IN,1518200373,50,15.34,74.49,68.58,4.09
76,vostok,80,RU,1518200373,75,46.45,135.83,13.99,4.32
77,kurilsk,48,RU,1518200374,100,45.23,147.88,26.95,14.32
78,san quintin,8,PH,1518200374,84,17.54,120.52,63.09,3.36
79,yatou,40,CM,1518199200,88,3.63,9.81,82.4,2.24
80,hermanus,8,ZA,1518200375,55,-34.42,19.24,71.82,11.7
81,atar,0,MR,1518199200,36,20.52,-13.05,62.6,11.41
82,kaitangata,92,NZ,1518200376,92,-46.28,169.85,55.8,5.37
83,butaritari,0,KI,1518200376,99,3.07,172.79,82.57,11.86
84,wetaskiwin,5,CA,1518199200,76,52.97,-113.37,-5.81,4.7
85,arraial do cabo,0,BR,1518195600,75,-22.97,-42.02,89.6,17.22
86,cidreira,24,BR,1518200377,100,-30.17,-50.22,74.74,7.05
87,mar del plata,0,AR,1518200346,52,-46.43,-67.52,57.87,13.71
88,saldanha,36,PT,1518200377,66,41.42,-6.55,44.59,5.77
89,ostrovnoy,56,RU,1518200378,83,68.05,39.51,17.46,20.47
90,chokurdakh,80,RU,1518200378,73,70.62,147.9,-5.95,15.1
91,palia kalan,0,IN,1518200378,74,28.45,80.58,51.12,7.45
92,upernavik,0,GL,1518200379,100,72.79,-56.15,-9.19,6.55
93,tarnogskiy gorodok,92,RU,1518200379,84,60.5,43.58,18.81,10.69
94,hofn,0,IS,1518199200,67,64.25,-15.21,21.2,6.93
95,kodiak,90,US,1518195180,73,39.95,-94.76,24.8,19.46
96,san jose,100,PH,1518200248,98,15.79,120.99,72.27,2.13
97,torbay,75,CA,1518199200,67,47.66,-52.73,21.2,16.11
98,puerto penasco,0,MX,1518200274,86,31.32,-113.53,65.2,5.88
99,necochea,76,AR,1518200265,61,-38.55,-58.74,75.69,16.4
100,churapcha,68,RU,1518200382,0,62.0,132.43,-31.51,3.36
101,port lincoln,68,AU,1518200382,96,-34.72,135.86,67.86,3.58
102,wewak,88,PG,1518200382,91,-3.55,143.63,78.25,3.87
103,winnemucca,1,US,1518198960,30,40.97,-117.74,55.4,9.17
104,villeta,75,PY,1518195600,50,-25.51,-57.57,96.8,6.93
105,tiksi,32,RU,1518200384,0,71.64,128.87,-33.13,2.75
106,bluff,0,AU,1518200384,89,-23.58,149.07,61.2,3.24
107,hithadhoo,92,MV,1518200384,100,-0.6,73.08,83.74,10.63
108,buin,20,CL,1518195600,34,-33.73,-70.74,84.2,6.93
109,hervey bay,0,AU,1518200385,100,-25.3,152.85,74.2,7.56
110,georgetown,75,GY,1518195600,70,6.8,-58.16,86.0,13.87
111,fortuna,0,ES,1518197400,50,38.18,-1.13,55.4,5.82
112,erenhot,0,CN,1518200387,39,43.65,111.97,-5.9,15.1
113,izhma,64,RU,1518200387,80,65.01,53.91,14.35,4.76
114,margate,20,AU,1518199200,87,-43.03,147.26,60.8,5.82
115,ozinki,0,RU,1518200388,73,51.2,49.73,8.77,7.9
116,berlevag,40,NO,1518198600,85,70.86,29.09,28.4,43.62
117,hobyo,80,SO,1518200389,91,5.35,48.53,75.37,14.43
118,la rioja,36,AR,1518200336,45,-29.41,-66.86,88.6,8.95
119,carnarvon,92,ZA,1518200389,34,-30.97,22.13,78.84,9.57
120,melilla,90,EC,1518195600,78,-0.8,-80.23,78.8,6.93
121,fairbanks,1,US,1518199080,74,64.84,-147.72,-20.21,3.09
122,ampanihy,92,MG,1518200390,85,-24.69,44.75,71.46,7.27
123,mingaora,76,PK,1518200391,41,34.78,72.36,37.89,2.35
124,haines junction,0,CA,1518200391,41,60.75,-137.51,-28.36,2.01
125,tokur,8,RU,1518200391,27,53.13,132.9,-20.26,1.9
126,bathsheba,40,BB,1518199200,66,13.22,-59.52,84.2,20.8
127,kloulklubed,40,PW,1518198780,94,7.04,134.26,78.8,4.65
128,vila velha,75,BR,1518195600,62,-3.71,-38.6,86.0,9.17
129,anloga,20,GH,1518199200,83,5.79,0.9,84.2,16.11
130,paka,40,HR,1518199200,86,45.29,18.06,37.4,4.7
131,huarmey,8,PE,1518200394,55,-10.07,-78.15,80.01,3.91
132,tasiilaq,48,GL,1518198600,79,65.61,-37.64,19.4,17.22
133,kaeo,92,NZ,1518200395,96,-35.1,173.78,67.59,7.05
134,auki,0,NG,1518200395,24,12.18,6.51,83.29,6.78
135,alindao,8,CF,1518200395,72,5.04,21.21,80.5,2.64
136,santa maria,75,BR,1518195600,74,-29.69,-53.81,78.8,14.99
137,grand gaube,75,MU,1518199200,94,-20.01,57.66,78.8,2.24
138,belem de sao francisco,76,BR,1518200398,58,-8.75,-38.97,87.34,4.03
139,dalbandin,68,PK,1518200398,79,28.9,64.41,46.84,5.37
140,udachnyy,56,RU,1518200398,61,66.42,112.4,-7.88,5.03
141,wanaka,92,NZ,1518200399,98,-44.7,169.14,49.05,1.07
142,ixtapa,90,MX,1518195000,88,20.71,-105.21,71.6,3.36
143,faanui,88,PF,1518200210,100,-16.48,-151.75,81.63,17.85
144,kapaa,20,US,1518195360,77,22.08,-159.32,62.6,5.82
145,luanda,20,AO,1518199200,69,-8.83,13.24,82.4,8.05
146,awjilah,88,LY,1518200400,37,29.14,21.3,72.99,12.08
147,wanning,90,AT,1518198600,74,48.64,13.53,33.8,4.7
148,kenai,1,US,1518198960,91,60.55,-151.26,-2.21,3.36
149,belmonte,32,PT,1518200401,71,40.36,-7.35,47.07,7.38
150,macapa,75,BR,1518195600,56,0.05,-51.07,93.2,6.93
151,teya,75,MX,1518198480,48,21.05,-89.07,86.0,10.29
152,santa elena,90,EC,1518195600,83,-2.23,-80.86,80.6,11.41
153,matara,75,PE,1518195600,81,-13.74,-72.9,51.8,1.74
154,aloleng,20,PH,1518200404,99,16.13,119.78,74.43,3.36
155,cesvaine,76,LV,1518200404,83,56.97,26.31,18.85,5.77
156,tura,0,IN,1518200405,70,25.52,90.21,57.78,5.37
157,dargaville,92,NZ,1518200405,98,-35.94,173.86,67.72,10.07
158,khatanga,64,RU,1518200405,69,71.98,102.47,2.25,9.46
159,laredo,90,US,1518198960,67,27.51,-99.51,60.8,9.17
160,port elizabeth,1,US,1518198960,47,39.31,-74.98,37.4,6.93
161,tomatlan,92,MX,1518200406,56,19.93,-105.25,76.41,2.75
162,muravlenko,80,RU,1518200407,85,63.79,74.5,5.58,8.84
163,talnakh,68,RU,1518200407,86,69.49,88.39,6.97,11.07
164,san lawrenz,90,MT,1518198300,100,36.06,14.2,53.6,8.05
165,belle fourche,88,US,1518198900,84,44.67,-103.85,3.2,3.76
166,flinders,90,AU,1518198600,100,-34.58,150.85,68.0,2.91
167,pokhara,0,NP,1518200410,68,28.21,83.99,39.87,3.65
168,souillac,0,FR,1518197400,84,45.6,-0.6,39.2,5.82
169,namibe,0,AO,1518200411,100,-15.19,12.15,76.41,13.94
170,sakaiminato,75,JP,1518195600,64,35.55,133.23,37.4,8.05
171,pacific grove,1,US,1518198900,48,36.62,-121.92,66.2,2.24
172,caraguatatuba,40,BR,1518195600,35,-23.62,-45.41,91.4,5.82
173,lasa,20,CY,1518199200,82,34.92,32.53,60.8,5.82
174,wuwei,32,CN,1518200413,60,37.93,102.64,-0.19,4.88
175,comodoro rivadavia,75,AR,1518195600,29,-45.87,-67.48,62.6,19.46
176,petropavlovsk-kamchatskiy,12,RU,1518195600,67,53.05,158.65,21.2,6.71
177,charters towers,0,AU,1518200414,93,-20.07,146.27,65.7,2.8
178,nandikotkur,92,IN,1518200414,42,15.86,78.27,79.65,2.86
179,cabo san lucas,40,MX,1518198060,69,22.89,-109.91,75.2,3.36
180,kahului,40,US,1518198960,60,20.89,-156.47,69.8,17.22
181,altay,0,CN,1518200415,61,47.83,88.13,-11.53,2.75
182,zyryanka,88,RU,1518200416,61,65.73,150.89,-7.3,8.05
183,siloam springs,90,US,1518199080,71,36.19,-94.54,57.2,13.87
184,vardo,90,US,1518198900,64,39.62,-77.74,39.2,10.29
185,airai,88,TL,1518200417,94,-8.93,125.41,70.29,0.89
186,beringovskiy,44,RU,1518200417,87,63.05,179.32,32.13,13.42
187,aykhal,44,RU,1518200418,68,65.95,111.51,-16.25,5.14
188,lorengau,88,PG,1518200418,100,-2.02,147.27,79.47,13.82
189,thompson,75,CA,1518199200,55,55.74,-97.86,6.8,25.28
190,iskateley,76,RU,1518200419,84,67.68,53.15,13.27,14.09
191,sainte-maxime,0,FR,1518199200,100,43.31,6.64,48.2,3.36
192,carlyle,5,CA,1518199200,76,49.63,-102.27,-5.81,13.87
193,tuktoyaktuk,90,CA,1518199200,92,69.44,-133.03,12.2,25.28
194,laguna,20,MX,1518198300,41,27.52,-110.01,77.0,3.36
195,wamba,100,CD,1518200421,28,2.14,27.99,88.29,3.24
196,komsomolets,64,RU,1518200421,78,52.77,41.29,20.25,14.38
197,abha,0,SA,1518195600,82,18.22,42.5,60.8,4.7
198,ahipara,92,NZ,1518200422,96,-35.17,173.16,68.31,10.8
199,east london,0,ZA,1518199200,83,-33.02,27.91,69.8,4.7
200,saskylakh,76,RU,1518200422,63,71.97,114.09,-3.2,12.59
201,san carlos del zulia,24,VE,1518200423,67,9.0,-71.91,86.44,2.53
202,kulhudhuffushi,80,MV,1518200423,97,6.62,73.07,83.34,10.47
203,tazovskiy,80,RU,1518200424,82,67.47,78.7,8.59,8.84
204,puerto ayora,20,EC,1518195600,65,-0.74,-90.35,82.4,5.82
205,bakaly,20,RU,1518200424,81,55.18,53.8,4.0,2.64
206,ogaminana,48,NG,1518200425,95,7.6,6.2,72.94,7.27
207,mabaruma,88,GY,1518200425,83,8.2,-59.78,80.05,7.27
208,campbell river,40,CA,1518199200,85,50.02,-125.24,42.8,5.82
209,guarapari,75,BR,1518195600,100,-20.67,-40.5,78.8,3.36
210,pskov,80,RU,1518195600,85,57.82,28.33,24.8,4.47
211,bethel,90,US,1518198780,59,60.79,-161.76,33.8,13.87
212,avera,90,US,1518198900,80,33.19,-82.53,60.8,9.17
213,nome,40,US,1518198900,64,30.04,-94.42,69.8,5.82
214,port-gentil,75,GA,1518195600,88,-0.72,8.78,82.4,11.41
215,lavrentiya,92,RU,1518200428,100,65.58,-170.99,24.12,20.42
216,katsuura,88,JP,1518200429,87,33.93,134.5,38.29,3.91
217,radom,76,PL,1518200168,93,51.4,21.15,24.75,4.81
218,poum,40,MK,1518199200,80,41.28,20.71,39.2,1.52
219,zwedru,0,LR,1518200429,20,6.07,-8.13,94.68,8.16
220,iqaluit,20,CA,1518195600,59,63.75,-68.52,-34.61,11.41
221,amga,88,RU,1518200430,42,60.89,131.98,-27.46,3.53
222,pevek,88,RU,1518200430,83,69.7,170.27,9.49,5.66
223,krasnoarmeysk,0,RU,1518197400,85,56.12,38.15,21.2,11.18
224,vestmannaeyjar,75,IS,1518197160,86,63.44,-20.27,30.2,17.22
225,badiraguato,90,MX,1518198060,69,25.36,-107.55,75.2,5.82
226,beitbridge,80,ZA,1518200432,52,-22.21,29.99,81.36,11.48
227,banjar,64,ID,1518200432,97,-7.37,108.54,70.83,0.85
228,lincoln,0,GB,1518198600,59,53.23,-0.54,39.2,11.41
229,longyearbyen,75,NO,1518195000,86,78.22,15.63,32.0,9.17
230,savannah bight,76,HN,1518200434,96,16.45,-85.85,79.2,8.39
231,ribeira grande,75,PT,1518199200,82,38.52,-28.7,64.4,12.75
232,dubuque,75,US,1518198900,72,42.5,-90.66,21.2,16.11
233,ordynskoye,48,RU,1518200435,78,54.37,81.9,7.24,4.25
234,naze,32,NG,1518200435,89,5.43,7.07,80.64,8.16
235,ormara,88,PK,1518200436,85,25.21,64.64,72.18,10.4
236,tigil,68,RU,1518200436,87,57.8,158.67,17.46,4.54
237,mahemdavad,0,IN,1518197400,55,22.82,72.75,64.4,3.65
238,cherskiy,68,RU,1518200437,62,68.75,161.3,-7.57,2.08
239,jinxiang,48,CN,1518200437,31,35.07,116.31,31.0,11.92
240,vila do maio,75,CV,1518199200,53,15.13,-23.22,71.6,24.16
241,lensk,68,RU,1518200438,71,60.71,114.91,-16.48,9.13
242,broome,90,GB,1518198960,93,52.47,1.45,39.2,14.99
243,zhuhai,0,CN,1518195600,35,40.71,112.04,8.6,13.42
244,ulladulla,90,AU,1518198600,100,-35.36,150.48,68.0,3.36
245,tengushevo,76,RU,1518200440,77,54.77,42.72,20.92,9.8
246,chicama,20,PE,1518195600,83,-7.84,-79.15,73.4,8.05
247,salalah,0,OM,1518195000,64,17.01,54.1,73.4,5.82
248,sault sainte marie,20,CA,1518199200,66,46.49,-84.36,19.4,11.41
249,bambous virieux,75,MU,1518199200,94,-20.34,57.76,78.8,2.24
250,kavieng,76,PG,1518200441,100,-2.57,150.8,80.55,6.55
251,caravelas,92,BR,1518200442,99,-17.73,-39.27,80.77,13.49
252,sept-iles,75,CA,1518199200,55,50.2,-66.38,8.6,6.93
253,mount gambier,68,AU,1518200298,81,-37.83,140.78,67.45,2.8
254,qaqortoq,75,GL,1518196080,72,60.72,-46.03,14.0,3.36
255,srednekolymsk,88,RU,1518200443,67,67.46,153.71,-0.91,4.92
256,san patricio,24,PY,1518200443,67,-26.98,-56.83,87.79,5.82
257,kadiri,64,IN,1518200443,61,14.11,78.16,74.92,2.35
258,saint-francois,90,FR,1518197400,86,46.42,3.91,33.8,2.24
259,sinnamary,92,GF,1518200444,100,5.38,-52.96,75.24,9.17
260,ketchikan,1,US,1518198960,100,55.34,-131.65,33.8,10.29
261,karratha,0,AU,1518200444,81,-20.74,116.85,80.5,6.55
262,cap malheureux,75,MU,1518199200,94,-19.98,57.61,78.8,2.24
263,omboue,76,GA,1518200445,100,-1.57,9.26,81.0,6.93
264,nanortalik,76,GL,1518200445,100,60.14,-45.24,20.97,12.93
265,capreol,75,CA,1518199200,66,46.71,-80.92,10.4,9.17
266,tancheng,68,CN,1518200446,36,33.44,116.55,35.1,13.15
267,calbuco,75,CL,1518195600,59,-41.77,-73.13,60.8,8.05
268,faya,0,SA,1518195600,82,18.39,42.45,60.8,4.7
269,ghidigeni,90,RO,1518199200,100,46.04,27.49,33.8,3.36
270,takhtamygda,32,RU,1518200447,48,54.1,123.57,-9.37,6.44
271,rio gallegos,40,AR,1518196200,30,-51.62,-69.22,55.4,20.8
272,arkhara,64,RU,1518200448,65,49.42,130.09,2.97,8.79
273,chapais,75,CA,1518199920,64,49.78,-74.86,-2.21,14.99
274,lebu,0,ET,1518200238,33,8.96,38.73,49.86,4.43
275,mattru,0,SL,1518200448,22,7.62,-11.83,97.24,3.91
276,kaili,32,ID,1518200449,88,-3.46,120.21,69.79,2.3
277,isangel,0,VU,1518200449,100,-19.55,169.27,80.64,14.32
278,eureka,90,US,1518199680,87,40.8,-124.16,51.8,4.7
279,ratnagiri,64,IN,1518200450,96,16.98,73.3,78.66,11.36
280,baghdad,0,IQ,1518195600,33,33.3,44.38,62.6,5.82
281,ovalle,24,CL,1518200451,92,-30.6,-71.2,71.77,3.87
282,palembang,75,ID,1518197400,94,-2.99,104.76,75.2,2.24
283,aasiaat,0,GL,1518200452,100,68.71,-52.87,5.58,27.81
284,oudtshoorn,75,ZA,1518199200,88,-33.59,22.2,68.0,8.05
285,new norfolk,20,AU,1518199200,87,-42.78,147.06,60.8,5.82
286,masingbi,0,SL,1518200452,19,8.64,-11.47,95.67,6.33
287,kavaratti,36,IN,1518200453,100,10.57,72.64,82.35,11.36
288,flin flon,75,CA,1518199200,65,54.77,-101.88,6.8,17.22
289,moerai,92,PF,1518200454,100,-22.43,-151.33,79.15,9.95
290,vila franca do campo,20,PT,1518199200,68,37.72,-25.43,64.4,6.93
291,tyukhtet,80,RU,1518200455,86,56.54,89.31,12.42,4.81
292,mackay,1,CA,1518199440,76,53.65,-115.58,-4.01,6.93
293,high level,40,CA,1518199200,83,58.52,-117.13,-5.81,2.24
294,sembakung,76,ID,1518200456,96,3.82,117.25,76.41,1.86
295,sovetskiy,12,RU,1518200456,82,56.76,48.47,10.17,8.05
296,nemuro,0,JP,1518200456,100,43.32,145.57,30.15,13.98
297,kattivakkam,20,IN,1518197400,78,13.22,80.32,80.6,6.93
298,naryan-mar,80,RU,1518200457,75,67.67,53.09,12.42,13.49
299,southern pines,1,US,1518198780,41,35.17,-79.39,59.0,4.7
300,russell,0,AR,1518195600,22,-33.01,-68.8,78.8,11.41
301,te anau,92,NZ,1518200458,95,-45.41,167.72,49.45,2.42
302,provideniya,92,RU,1518200458,99,64.42,-173.23,29.07,24.11
303,morro bay,1,US,1518198960,25,35.37,-120.85,75.2,3.87
304,sao joao da barra,40,BR,1518195600,66,-21.64,-41.05,86.0,13.87
305,rioja,24,PE,1518200459,68,-6.06,-77.17,75.96,4.43
306,nalbari,0,IN,1518200459,77,26.45,91.44,55.8,7.05
307,mosquera,75,CO,1518199200,42,4.71,-74.23,68.0,2.24
308,biankouma,0,CI,1518200460,23,7.74,-7.61,88.65,6.38
309,itarema,56,BR,1518200461,90,-2.92,-39.92,80.55,9.57
310,yar-sale,64,RU,1518200461,87,66.83,70.83,9.22,7.38
311,vao,44,EE,1518200462,83,59.1,26.19,9.81,3.58
312,kodinar,0,IN,1518200462,77,20.79,70.7,58.99,5.1
313,narsaq,75,GL,1518196080,72,60.91,-46.05,14.0,3.36
314,gat,0,SN,1518200463,27,14.69,-16.54,82.57,11.92
315,bontang,48,ID,1518200463,100,0.12,117.47,79.47,1.74
316,hanzhong,80,CN,1518200463,92,33.08,107.03,29.25,2.75
317,do gonbadan,0,IR,1518195600,30,30.36,50.8,59.0,6.93
318,thongwa,0,MM,1518197400,83,16.76,96.52,73.4,5.82
319,mehamn,20,NO,1518198600,74,71.03,27.85,30.2,23.04
320,yamada,75,JP,1518195600,74,36.58,137.08,30.2,1.12
321,carauari,24,BR,1518200201,38,-4.88,-66.9,99.85,6.82
322,kirakira,80,SB,1518200465,100,-10.46,161.92,81.49,14.61
323,eyl,0,SO,1518200317,99,7.98,49.82,73.39,12.93
324,makakilo city,40,US,1518199380,68,21.35,-158.09,71.6,3.36
325,la palma,56,CO,1518200467,46,5.36,-74.39,83.65,2.8
326,mahibadhoo,24,MV,1518200467,97,3.78,72.97,82.71,11.07
327,puerto guzman,75,BO,1518195600,79,-14.32,-67.54,84.2,6.93
328,pshekhskaya,75,RU,1518197400,93,44.7,39.8,41.0,2.24
329,victoria,75,BN,1518197400,83,5.28,115.24,78.8,2.24
330,mount isa,0,AU,1518199200,38,-20.73,139.49,73.4,4.7
331,sandakan,75,MY,1518195600,88,5.84,118.12,75.2,3.36
332,qasigiannguit,75,GL,1518198600,40,68.82,-51.19,-4.01,1.12
333,smithers,5,CA,1518199200,83,54.78,-127.17,-5.81,3.36
334,jaicos,64,BR,1518200470,76,-7.36,-41.14,85.14,4.25
335,kirillov,92,RU,1518200470,89,59.86,38.38,19.89,10.4
336,hokitika,0,NZ,1518200470,100,-42.72,170.96,59.49,3.91
337,sampit,80,ID,1518200471,97,-2.54,112.95,73.39,4.88
338,sabha,92,LY,1518200471,47,27.03,14.43,68.62,15.73
339,guapi,44,CO,1518200439,86,2.57,-77.89,80.73,3.02
340,christchurch,88,NZ,1518199200,93,-43.53,172.64,59.0,4.7
341,kyaka,56,TZ,1518200472,84,-1.25,31.42,68.62,3.31
342,mazara del vallo,40,IT,1518198900,87,37.65,12.59,51.8,2.24
343,jiangyou,92,CN,1518200472,73,31.78,104.73,35.91,10.92
344,ankazoabo,92,MG,1518200472,96,-22.29,44.51,69.39,3.13
345,portland,90,US,1518198960,65,45.52,-122.67,46.4,3.31
346,tuatapere,68,NZ,1518200473,100,-46.13,167.69,56.43,4.81
347,hualmay,8,PE,1518200473,67,-11.1,-77.61,77.85,5.44
348,myskhako,44,RU,1518197400,93,44.66,37.76,41.0,6.71
349,quatre cocos,75,MU,1518199200,94,-20.21,57.76,78.8,2.24
350,haradok,92,BY,1518200474,87,55.46,29.99,23.31,8.79
351,bergerac,40,FR,1518197400,93,44.85,0.49,35.6,6.93
352,yashkino,68,RU,1518200475,82,55.87,85.43,8.32,3.02
353,saint george,20,GR,1518198600,81,39.45,22.34,48.2,1.07
354,ballina,75,IE,1518197400,93,54.11,-9.15,35.6,9.17
355,xining,56,CN,1518200476,18,36.62,101.77,16.83,16.84
356,havoysund,20,NO,1518198600,74,71.0,24.66,30.2,23.04
357,labuhan,80,ID,1518200476,99,-2.54,115.51,72.27,1.79
358,salta,20,AR,1518195600,43,-24.79,-65.41,89.6,2.24
359,bada,0,NG,1518200478,20,12.41,4.51,87.7,6.93
360,munster,20,DE,1518198600,79,52.99,10.09,30.2,4.7
361,kupang,24,ID,1518200479,100,-10.16,123.6,78.97,6.6
362,mopipi,24,BW,1518200479,35,-21.2,24.86,82.84,8.68
363,port blair,24,IN,1518200480,100,11.67,92.75,79.83,9.13
364,aklavik,90,CA,1518199200,78,68.22,-135.01,12.2,2.24
365,carnot,8,CF,1518200480,51,4.94,15.87,83.97,3.91
366,teguldet,80,RU,1518200481,88,57.31,88.17,12.06,2.8
367,penzance,20,GB,1518198600,69,50.12,-5.53,44.6,18.34
368,klaksvik,24,FO,1518198600,59,62.23,-6.59,35.6,10.29
369,ibirataia,88,BR,1518200468,79,-14.07,-39.64,80.32,7.45
370,shar,48,NG,1518200482,35,7.3,8.73,94.14,7.45
371,hamina,90,FI,1518198600,92,60.57,27.2,15.8,6.93
372,fare,88,PF,1518200483,100,-16.7,-151.02,79.92,15.84
373,dwarka,0,IN,1518197400,62,28.58,77.04,55.4,2.42
374,andros town,40,BS,1518199200,51,24.73,-77.79,82.4,12.75
375,port shepstone,0,ZA,1518200484,84,-30.74,30.45,75.55,24.67
376,kargasok,88,RU,1518200484,90,59.06,80.87,13.41,2.35
377,cairo,8,EG,1518199200,73,30.05,31.24,69.8,14.99
378,codrington,0,AU,1518200485,93,-28.95,153.24,58.05,2.3
379,marion,40,US,1518198120,68,38.35,-97.02,30.2,19.46
380,abu samrah,20,SY,1518200486,64,35.3,37.18,52.02,6.11
381,pangnirtung,75,CA,1518199200,54,66.15,-65.72,-27.41,8.05
382,carahue,64,CL,1518200486,75,-38.71,-73.16,61.42,7.38
383,tawau,75,MY,1518195600,94,4.26,117.89,75.2,2.24
384,keti bandar,20,PK,1518200487,95,24.14,67.45,72.27,8.79
385,bubaque,0,GW,1518199200,21,11.28,-15.83,89.6,12.75
386,dogondoutchi,0,NE,1518200487,20,13.64,4.03,87.39,8.68
387,dori,0,BF,1518200488,24,14.03,-0.03,82.17,12.19
388,tra vinh,0,VN,1518200488,96,9.93,106.35,71.95,7.61
389,polunochnoye,0,RU,1518200488,52,60.87,60.43,-3.65,2.64
390,pilot butte,5,CA,1518199200,83,50.48,-104.42,-5.81,13.87
391,hauterive,75,FR,1518197400,91,46.09,3.45,33.8,1.12
392,yulara,0,AU,1518199200,46,-25.24,130.99,71.6,4.7
393,gravdal,75,NO,1518198600,100,59.79,5.78,37.4,11.41
394,dawlatabad,36,AF,1518200490,78,36.41,64.91,21.82,2.64
395,luderitz,0,NA,1518199200,73,-26.65,15.16,69.8,8.05
396,kidal,0,ML,1518200491,29,18.44,1.41,65.88,12.08
397,idah,48,NG,1518200492,98,7.11,6.73,75.82,6.55
398,lerwick,20,GB,1518198600,64,60.15,-1.15,39.2,16.11
399,khonsa,92,IN,1518200492,88,26.99,95.51,55.57,1.86
400,batemans bay,12,AU,1518200493,100,-35.71,150.18,63.54,2.35
401,burnie,8,AU,1518200493,100,-41.05,145.91,66.33,12.37
402,peniche,20,PT,1518199200,76,39.36,-9.38,55.4,11.41
403,camacha,40,PT,1518199200,72,33.08,-16.33,62.6,13.87
404,careiro da varzea,40,BR,1518199200,62,-3.2,-59.81,89.6,6.93
405,barao de melgaco,40,BR,1518199200,47,-16.19,-55.97,95.0,10.29
406,tianpeng,92,CN,1518200495,77,28.88,112.34,43.42,9.06
407,khorixas,0,NA,1518200495,37,-20.37,14.96,79.56,10.63
408,berdigestyakh,76,RU,1518200495,42,62.1,126.7,-27.23,4.81
409,sigli,68,ID,1518200495,93,5.38,95.96,77.4,6.82
410,ullapool,36,GB,1518200496,100,57.9,-5.16,41.58,15.43
411,arona,75,IT,1518198600,86,45.76,8.56,44.6,4.7
412,along,92,IN,1518200497,97,28.17,94.8,49.5,0.89
413,falam,48,MM,1518200497,85,22.91,93.68,47.88,1.86
414,alugan,80,PH,1518200497,100,12.22,125.48,76.05,4.88
415,progreso,90,UY,1518195600,88,-34.68,-56.22,68.0,12.75
416,dunedin,92,NZ,1518200498,100,-45.87,170.5,52.65,1.9
417,fuerte olimpo,8,BR,1518200499,64,-21.04,-57.87,93.69,14.99
418,oyama,20,JP,1518195600,63,36.31,139.8,28.4,1.12
419,redlands,1,US,1518199080,22,34.06,-117.19,69.8,5.82
420,sistranda,75,NO,1518198600,60,63.73,8.83,41.0,13.87
421,dingle,32,PH,1518200501,95,11.0,122.67,71.46,2.91
422,hamilton,90,BM,1518200040,88,32.3,-64.78,66.2,17.22
423,galapa,0,CO,1518199200,66,10.9,-74.89,84.2,19.46
424,chahal,92,GT,1518200502,100,15.75,-89.57,70.15,2.3
425,uthal,88,PK,1518200503,71,25.81,66.62,59.31,3.58
426,pudozh,92,RU,1518200503,89,61.81,36.54,20.97,8.68
427,kutum,0,SD,1518200503,51,14.2,24.66,65.74,6.15
428,fuyu,48,CN,1518200504,59,47.79,124.46,-6.71,9.57
429,sattahip,20,TH,1518197400,74,12.67,100.9,78.8,6.93
430,itaberaba,8,BR,1518200504,73,-12.52,-40.31,86.31,6.55
431,warman,20,CA,1518199200,64,52.32,-106.58,-0.41,18.34
432,mizdah,92,LY,1518200505,98,31.45,12.98,49.9,5.66
433,biltine,0,TD,1518200506,35,14.53,20.93,78.57,4.92
434,japura,44,ID,1518200506,94,-0.42,102.29,73.98,2.3
435,nampula,75,MZ,1518195600,94,-15.12,39.26,75.2,3.13
436,astoria,1,US,1518198900,93,46.19,-123.83,44.6,3.36
437,butia,0,BR,1518195600,29,-21.88,-47.57,91.4,6.93
438,tallahassee,90,US,1518198900,77,30.44,-84.28,62.6,8.05
439,katangli,20,RU,1518200508,100,51.71,143.23,6.25,1.9
440,lata,0,IN,1518200508,63,30.78,78.62,29.88,2.53
441,champoton,40,MX,1518198240,74,19.35,-90.72,80.6,16.11
442,wilmington,1,US,1518198900,59,39.75,-75.55,37.4,13.87
443,hami,0,CN,1518200509,47,42.84,93.51,1.62,3.58
444,werda,90,DE,1518199200,92,50.44,12.3,32.0,2.24
445,ellisras,20,ZA,1518200509,63,-23.67,27.74,75.78,6.55
446,sabang,0,PH,1518200510,100,13.72,123.58,72.22,4.09
447,constitucion,75,MX,1518198120,62,23.99,-104.67,57.2,5.82
448,port hedland,12,AU,1518199200,94,-20.31,118.58,80.6,3.36
449,sao felix do xingu,36,BR,1518200511,97,-6.64,-51.99,77.31,3.76
450,chintamani,75,IN,1518199200,88,13.4,78.05,69.8,3.36
451,boa vista,40,BR,1518195600,41,2.82,-60.67,93.2,17.22
452,touros,32,BR,1518200513,94,-5.2,-35.46,80.28,6.15
453,antalaha,36,MG,1518200513,83,-14.9,50.28,80.01,10.85
454,sorland,40,NO,1518198600,59,67.67,12.69,37.4,19.46
455,hambantota,56,LK,1518200514,100,6.12,81.12,78.84,10.13
456,turtas,68,RU,1518200514,90,58.94,69.13,11.74,4.43
457,sale,0,GB,1518198600,74,53.42,-2.32,39.2,12.75
458,cayenne,75,GF,1518199200,78,4.94,-52.33,78.8,13.87
459,panama city,90,US,1518199560,77,30.16,-85.65,64.4,6.93
460,balakhninskiy,56,RU,1518200515,30,58.01,114.28,-22.33,2.57
461,amuntai,92,ID,1518200516,98,-2.42,115.25,75.15,2.35
462,ilulissat,75,GL,1518198600,40,69.22,-51.1,-4.01,1.12
463,celestun,8,MX,1518200517,92,20.87,-90.4,77.13,8.16
464,springbok,0,ZA,1518200517,48,-29.67,17.88,66.06,11.36
465,tiarei,75,PF,1518199200,94,-17.53,-149.33,75.2,10.29
466,zonguldak,44,TR,1518200518,98,41.25,31.83,42.12,2.57
467,manaure,40,CO,1518199200,40,11.78,-72.45,89.6,20.8
468,leshukonskoye,12,RU,1518200519,81,64.9,45.76,10.62,5.03
469,elizabeth city,1,US,1518199140,59,36.3,-76.22,51.8,9.17
470,alofi,40,NU,1518199200,94,-19.06,-169.92,77.0,3.36
471,kerrville,90,US,1518198900,67,30.05,-99.14,62.6,6.93
472,warrington,40,GB,1518198600,69,53.39,-2.59,39.2,6.93
473,coahuayana,32,MX,1518200521,38,18.62,-100.35,78.75,3.02
474,salinopolis,76,BR,1518200521,99,-0.61,-47.36,80.95,14.5
475,lac du bonnet,0,CA,1518200521,71,50.25,-96.06,-5.95,13.31
476,marica,20,BR,1518195600,66,-22.92,-42.82,93.2,11.41
477,jiexiu,76,CN,1518200522,26,37.02,111.92,17.59,6.55
478,borogontsy,68,RU,1518200522,0,62.67,131.17,-32.14,3.58
479,mujiayingzi,0,CN,1518200523,34,42.12,118.78,2.92,10.85
480,prince rupert,1,CA,1518199200,80,54.32,-130.32,30.2,3.42
481,mezen,0,RU,1518200523,84,65.85,44.24,16.29,6.26
482,traralgon,0,AU,1518200524,96,-38.19,146.54,63.4,3.02
483,alice springs,0,AU,1518199200,28,-23.7,133.88,73.4,5.82
484,coria,20,ES,1518200524,74,39.98,-6.54,47.65,8.16
485,minuri,92,PH,1518200525,98,16.54,121.86,69.84,2.91
486,komsomolskiy,88,RU,1518200525,80,67.55,63.78,10.71,9.84
487,oskarshamn,90,SE,1518198600,89,57.26,16.44,32.0,5.82
488,kleive,90,NO,1518198600,80,62.8,7.64,39.2,12.75
489,kungurtug,44,RU,1518200526,60,50.6,97.53,-6.8,7.78
490,smoky lake,0,CA,1518200526,68,54.11,-112.47,-6.08,12.41
491,aksarka,8,RU,1518200527,63,66.56,67.8,-2.66,3.53
492,okhotsk,68,RU,1518200527,95,59.36,143.24,9.94,5.66
493,shingu,44,JP,1518200528,100,33.72,135.99,48.55,5.55
494,kalemie,76,CD,1518200528,100,-5.95,29.2,73.39,2.3
495,sipe sipe,75,BO,1518199200,60,-17.45,-66.36,69.8,4.7
496,mikkeli,90,FI,1518198600,92,61.69,27.27,17.6,3.36
497,veraval,75,FR,1518199200,87,49.65,0.71,42.8,9.17
498,nouadhibou,0,MR,1518199200,40,20.93,-17.03,68.0,21.92
499,ambilobe,32,MG,1518200530,98,-13.19,49.05,74.29,2.75
500,whitehorse,20,CA,1518199200,74,60.72,-135.06,-25.61,2.53
501,nago,20,IT,1518198600,80,45.88,10.89,42.8,4.7
502,norman wells,75,CA,1518199200,77,65.28,-126.83,5.0,2.24
503,tiznit,0,MA,1518200531,79,29.7,-9.73,54.0,2.57
504,bang rakam,8,TH,1518200531,84,16.75,100.12,70.47,2.91
505,palmer,0,AU,1518199200,61,-34.85,139.16,77.0,3.13
506,sibolga,56,ID,1518200532,100,1.74,98.78,68.8,2.01
507,hagen,0,DE,1518198600,74,51.36,7.47,33.8,9.17
508,abadan,40,IR,1518199200,27,30.36,48.26,64.4,6.93
509,miri,0,NG,1518200533,39,10.31,9.75,82.8,3.42
510,sungurlu,24,TR,1518200533,80,40.17,34.38,36.85,2.53
511,dandong,8,CN,1518200533,46,40.12,124.37,19.12,7.05
512,llanes,88,ES,1518200534,94,43.42,-4.75,34.6,3.31
513,beaverlodge,5,CA,1518199200,68,55.21,-119.43,-20.21,3.36
514,bossier city,90,US,1518198900,58,32.52,-93.73,57.2,5.82
515,saint-georges,20,CA,1518200535,49,46.12,-70.67,16.92,6.89
516,itaberai,32,BR,1518200535,100,-16.02,-49.81,76.9,5.37
517,blagodatnoye,90,RU,1518197400,92,51.57,35.54,28.4,15.66
518,geraldton,5,CA,1518199200,54,49.72,-86.95,-0.41,13.87
519,pisco,0,PE,1518195600,73,-13.71,-76.2,75.2,9.17
520,hovd,0,NO,1518198600,55,63.83,10.7,41.0,11.41
521,inongo,8,CD,1518200537,68,-1.93,18.29,82.98,4.43
522,dolinsk,40,RU,1518195600,84,47.32,142.8,1.4,4.92
523,kieta,24,PG,1518200537,99,-6.22,155.63,79.02,3.53
524,cartagena,0,ES,1518195600,40,37.63,-1.0,55.4,5.82
525,santa cruz,1,US,1518198960,55,36.97,-122.03,66.2,2.57
526,verkhnyaya inta,76,RU,1518200540,71,65.99,60.32,13.5,5.26
527,chiredzi,80,ZW,1518200540,50,-21.05,31.67,78.21,8.16
528,galle,90,US,1518198960,76,29.74,-97.91,62.6,9.17
529,bar,92,UA,1518200541,94,49.07,27.67,30.33,12.41
530,samfya,80,ZM,1518200541,92,-11.37,29.56,69.21,12.08
531,poplar bluff,1,US,1518198900,46,36.76,-90.39,53.6,14.99
532,marsa matruh,40,EG,1518195600,82,31.35,27.25,60.8,8.05
533,nhulunbuy,90,AU,1518199200,100,-12.18,136.78,77.0,10.29
534,punto fijo,40,VE,1518195600,83,11.69,-70.21,77.0,20.65
535,linxia,56,CN,1518200543,74,35.6,103.21,3.69,4.14
536,westport,75,IE,1518197400,93,53.8,-9.52,35.6,9.17
537,castrillon,75,ES,1518197400,75,43.4,-6.79,46.4,4.7
538,bay roberts,75,CA,1518199200,67,47.58,-53.28,21.2,16.11
539,rawson,0,AR,1518200544,37,-43.3,-65.11,64.98,17.4
540,emirdag,32,TR,1518200545,78,39.02,31.15,40.05,1.34
541,vanavara,64,RU,1518200545,64,60.35,102.28,-8.47,2.64
542,sesheke,0,NA,1518199200,68,-17.47,24.29,71.6,4.7
